{"vit_b_16": 87.44136047363281, "vit_b_32": 87.35106658935547, "vit_l_16": 120.1430892944336, "vit_l_32": 120.12272644042969, "swin_t": 72.5913314819336, "swin_s": 87.21031951904297, "swin_b": 106.0561752319336, "efficientnet_b0": 110.62147521972656, "efficientnet_b1": 121.74259948730469, "efficientnet_b2": 141.37713623046875, "efficientnet_b3": 133.46116638183594, "efficientnet_b4": 170.14031982421875, "efficientnet_b5": 185.77845764160156, "efficientnet_b6": 236.28604125976562, "efficientnet_b7": 207.65480041503906, "efficientnet_v2_s": 205.9875946044922, "efficientnet_v2_m": 268.42340087890625, "efficientnet_v2_l": 281.7063903808594, "convnext_tiny": 77.51656341552734, "convnext_small": 84.38306427001953, "convnext_base": 103.08980560302734, "convnext_large": 121.2777328491211, "resnet18": 54.93820571899414, "resnet34": 51.816749572753906, "resnet50": 78.61970520019531, "resnet101": 94.8263168334961, "resnet152": 103.85103607177734, "resnext50_32x4d": 85.36969757080078, "resnext101_32x8d": 141.02464294433594, "resnext101_64x4d": 135.48440551757812, "wide_resnet50_2": 82.62084197998047, "wide_resnet101_2": 102.8061752319336, "regnet_y_400mf": 114.11101531982422, "regnet_y_800mf": 125.5784912109375, "regnet_y_1_6gf": 145.57505798339844, "regnet_y_3_2gf": 138.4625244140625, "regnet_y_8gf": 148.91961669921875, "regnet_y_16gf": 189.00881958007812, "regnet_y_32gf": 195.47793579101562, "regnet_x_400mf": 65.40328979492188, "regnet_x_800mf": 74.32949829101562, "regnet_x_1_6gf": 85.5743408203125, "regnet_x_3_2gf": 106.44580078125, "regnet_x_8gf": 115.91883850097656, "regnet_x_16gf": 118.94926452636719, "regnet_x_32gf": 129.43341064453125, "alexnet": 59.574058532714844, "googlenet": 80.69393157958984, "inception_v3": 120.04010772705078, "vgg11": 56.85067367553711, "vgg11_bn": 59.28446578979492, "vgg13": 57.66156005859375, "vgg13_bn": 59.95676803588867, "vgg16": 57.221466064453125, "vgg16_bn": 60.81254959106445, "vgg19": 57.82527160644531, "vgg19_bn": 62.432037353515625, "squeezenet1_0": 67.95048522949219, "squeezenet1_1": 69.31077575683594, "densenet121": 68.65350341796875, "densenet161": 98.45712280273438, "densenet169": 92.43473052978516, "densenet201": 98.49114227294922, "mobilenet_v2": 78.24698638916016, "mobilenet_v3_large": 83.58399200439453, "mobilenet_v3_small": 73.25727081298828, "mnasnet0_5": 82.12300872802734, "mnasnet0_75": 82.1426773071289, "mnasnet1_0": 78.8487319946289, "mnasnet1_3": 87.7367172241211, "shufflenet_v2_x0_5": 67.78820037841797, "shufflenet_v2_x1_0": 62.374568939208984, "shufflenet_v2_x1_5": 73.56998443603516, "shufflenet_v2_x2_0": 97.69859313964844}