{"vit_b_16": 366.0769958496094, "vit_b_32": 358.9107666015625, "vit_l_16": 511.7337951660156, "vit_l_32": 512.3192138671875, "swin_t": 184.690185546875, "swin_s": 189.28387451171875, "swin_b": 232.27696228027344, "efficientnet_b0": 138.00747680664062, "efficientnet_b1": 150.36264038085938, "efficientnet_b2": 139.9369354248047, "efficientnet_b3": 156.64108276367188, "efficientnet_b4": 169.38819885253906, "efficientnet_b5": 185.97084045410156, "efficientnet_b6": 203.33792114257812, "efficientnet_b7": 239.43544006347656, "efficientnet_v2_s": 182.7832794189453, "efficientnet_v2_m": 220.87989807128906, "efficientnet_v2_l": 278.3611145019531, "convnext_tiny": 219.803466796875, "convnext_small": 286.9352111816406, "convnext_base": 355.1909484863281, "convnext_large": 399.83197021484375, "resnet18": 73.90887451171875, "resnet34": 75.99104309082031, "resnet50": 108.4530258178711, "resnet101": 117.25422668457031, "resnet152": 123.91236114501953, "resnext50_32x4d": 104.48477935791016, "resnext101_32x8d": 116.05001831054688, "resnext101_64x4d": 115.20082092285156, "wide_resnet50_2": 108.55242919921875, "wide_resnet101_2": 118.16397094726562, "regnet_y_400mf": 109.97777557373047, "regnet_y_800mf": 127.55757141113281, "regnet_y_1_6gf": 124.49335479736328, "regnet_y_3_2gf": 146.1417999267578, "regnet_y_8gf": 153.88983154296875, "regnet_y_16gf": 170.15216064453125, "regnet_y_32gf": 184.03256225585938, "regnet_x_400mf": 104.01362609863281, "regnet_x_800mf": 99.12044525146484, "regnet_x_1_6gf": 115.3575439453125, "regnet_x_3_2gf": 114.01657104492188, "regnet_x_8gf": 114.94786834716797, "regnet_x_16gf": 122.67037963867188, "regnet_x_32gf": 125.59220886230469, "alexnet": 72.4765625, "googlenet": 98.23712921142578, "inception_v3": 118.0063247680664, "vgg11": 67.98542022705078, "vgg11_bn": 64.61448669433594, "vgg13": 59.8382682800293, "vgg13_bn": 66.59444427490234, "vgg16": 62.9869270324707, "vgg16_bn": 75.76113891601562, "vgg19": 64.58501434326172, "vgg19_bn": 73.96918487548828, "squeezenet1_0": 72.1425552368164, "squeezenet1_1": 71.41699981689453, "densenet121": 94.97925567626953, "densenet161": 94.24122619628906, "densenet169": 99.60948944091797, "densenet201": 103.12205505371094, "mobilenet_v2": 110.26494598388672, "mobilenet_v3_large": 87.06724548339844, "mobilenet_v3_small": 78.98707580566406, "mnasnet0_5": 90.496337890625, "mnasnet0_75": 105.20326232910156, "mnasnet1_0": 117.6445541381836, "mnasnet1_3": 114.13656616210938, "shufflenet_v2_x0_5": 83.48451232910156, "shufflenet_v2_x1_0": 85.52215576171875, "shufflenet_v2_x1_5": 84.96099090576172, "shufflenet_v2_x2_0": 100.90748596191406}